Model,Accuracy,F1 (macro),Precision (macro),Recall (macro)
TF–IDF + LR,0.8657567732735791,0.8646869637915211,0.865,0.865
Linguistic + RF,0.6500305561214097,0.6449185066683369,0.65,0.65
BERT,0.8764,0.8770935677918249,0.877,0.877
