{
  "mcnemar_tests": [
    {
      "model1": "TF-IDF",
      "model2": "BERT",
      "a": 2806,
      "b": 1514,
      "c": 235,
      "d": 445,
      "chi2_statistic": 933.8387650085763,
      "p_value": 0.0,
      "significant": 1
    },
    {
      "model1": "TF-IDF",
      "model2": "Linguistic",
      "a": 3733,
      "b": 587,
      "c": 410,
      "d": 270,
      "chi2_statistic": 31.069207622868607,
      "p_value": 2.489901573810016e-08,
      "significant": 1
    },
    {
      "model1": "Linguistic",
      "model2": "BERT",
      "a": 2589,
      "b": 1554,
      "c": 452,
      "d": 405,
      "chi2_statistic": 604.2876370887338,
      "p_value": 0.0,
      "significant": 1
    }
  ],
  "bootstrap_ci": {
    "tfidf": {
      "accuracy": {
        "mean": 0.8639928,
        "ci_lower": 0.855,
        "ci_upper": 0.8722
      },
      "f1_macro": {
        "mean": 0.8631958561054323,
        "ci_lower": 0.8541599427636776,
        "ci_upper": 0.8716669460840503
      }
    },
    "linguistic": {
      "accuracy": {
        "mean": 0.8285152,
        "ci_lower": 0.8177949999999999,
        "ci_upper": 0.83941
      },
      "f1_macro": {
        "mean": 0.8273787817267076,
        "ci_lower": 0.8164517710948277,
        "ci_upper": 0.8383441474688623
      }
    },
    "bert": {
      "accuracy": {
        "mean": 0.6078488,
        "ci_lower": 0.5942,
        "ci_upper": 0.6216050000000001
      },
      "f1_macro": {
        "mean": 0.6122390820979474,
        "ci_lower": 0.5985971554784746,
        "ci_upper": 0.6259490451168246
      }
    }
  },
  "model_agreement": {
    "tfidf_vs_bert": 0.4971957028393583,
    "tfidf_vs_linguistic": 0.7278557907835361,
    "linguistic_vs_bert": 0.432258795149119
  },
  "n_samples": 5000,
  "n_bootstrap": 1000
}